['Mercedes-Benz', 'A-Class', 'A45', 479900, 2014, 60200]
['Mercedes-Benz', 'A-Class', 'A45', 739900, 2017, 7500]
['Mercedes-Benz', 'A-Class', 'A45', 689990, 2016, 23000]
['Mercedes-Benz', 'A-Class', 'A45', 679900, 2016, 8000]
['Mercedes-Benz', 'A-Class', 'A45', 669999, 2016, 19700]
['Mercedes-Benz', 'A-Class', 'A45', 649990, 2016, -1]
['Mercedes-Benz', 'A-Class', 'A200d', 646370, 2018, 50]
['Mercedes-Benz', 'A-Class', 'A45', 629900, 2014, 30950]
['Mercedes-Benz', 'A-Class', 'A180', 613444, 2018, 50]
['Mercedes-Benz', 'A-Class', 'A45', 609995, 2015, 33000]
['Mercedes-Benz', 'A-Class', 'A200', 599995, -1, -1]
['Mercedes-Benz', 'A-Class', 'A200d', 599900, 2015, 10700]
['Mercedes-Benz', 'A-Class', 'A220d', 575710, 2018, 25]
['Mercedes-Benz', 'A-Class', 'A45', 569995, 2018, 23]
['Mercedes-Benz', 'A-Class', 'A45', 569990, 2014, 21000]
['Mercedes-Benz', 'A-Class', 'A45', 569990, -1, -1]
['Mercedes-Benz', 'A-Class', 'A250', 569950, 2014, 43000]
['Mercedes-Benz', 'A-Class', 'A200', 569900, 2014, 53000]
['Mercedes-Benz', 'A-Class', 'A45', 569900, -1, -1]
['Mercedes-Benz', 'A-Class', 'A200d', 569000, 2017, 1570]
['Mercedes-Benz', 'A-Class', 'A200', 564900, 2017, 9000]
['Mercedes-Benz', 'A-Class', 'A250', 559950, 2014, 34765]
['Mercedes-Benz', 'A-Class', 'A220d', 559000, 2017, 5700]
['Mercedes-Benz', 'A-Class', 'A200', 556242, 2017, 0]
['Mercedes-Benz', 'A-Class', 'A200', 552190, -1, -1]
['Mercedes-Benz', 'A-Class', 'A250', 549990, 2017, 1000]
['Mercedes-Benz', 'A-Class', 'A250', 549950, 2018, 500]
['Mercedes-Benz', 'A-Class', 'A250', 549950, 2018, 0]
['Mercedes-Benz', 'A-Class', 'A45', 549950, 2018, 0]
['Mercedes-Benz', 'A-Class', 'A250', 549950, 2017, 7500]
['Mercedes-Benz', 'A-Class', 'A220d', 549950, 2017, 5850]
['Mercedes-Benz', 'A-Class', 'A250', 549950, 2017, 6603]
['Mercedes-Benz', 'A-Class', 'A45', 549900, 2014, 47364]
['Mercedes-Benz', 'A-Class', 'A45', 549900, 2017, 4864]
['Mercedes-Benz', 'A-Class', 'A200d', 549000, 2017, 17000]
['Mercedes-Benz', 'A-Class', 'A45', 549000, 2017, 5000]
['Mercedes-Benz', 'A-Class', 'A45', 544950, -1, -1]
['Mercedes-Benz', 'A-Class', 'A200', 539995, 2015, 37000]
['Mercedes-Benz', 'A-Class', 'A220d', 539950, -1, -1]
['Mercedes-Benz', 'A-Class', 'A220d', 539900, 2018, 1500]
['Mercedes-Benz', 'A-Class', 'A250', 539900, 2015, 48000]
['Mercedes-Benz', 'A-Class', 'A200d', 539900, -1, -1]
['Mercedes-Benz', 'A-Class', 'A250', 539000, 2015, 8866]
['Mercedes-Benz', 'A-Class', 'A200d', 535000, 2017, 8000]
['Mercedes-Benz', 'A-Class', 'A200d', 534950, 2017, 1480]
['Mercedes-Benz', 'A-Class', 'A220d', 529990, 2018, 8500]
['Mercedes-Benz', 'A-Class', 'A200d', 529900, 2017, 21700]
['Mercedes-Benz', 'A-Class', 'A250', 529000, -1, -1]
['Mercedes-Benz', 'A-Class', 'A200d', 529000, 2018, 50]
['Mercedes-Benz', 'A-Class', 'A200', 527983, 2016, 6500]
['Mercedes-Benz', 'A-Class', 'A45', 519990, -1, -1]
['Mercedes-Benz', 'A-Class', 'A45', 519950, 2018, 100]
['Mercedes-Benz', 'A-Class', 'A45', 519950, 2017, 1500]
['Mercedes-Benz', 'A-Class', 'A250', 519900, 2016, 19000]
['Mercedes-Benz', 'A-Class', 'A45', 519900, -1, -1]
['Mercedes-Benz', 'A-Class', 'A45', 519900, 2018, 20]
['Mercedes-Benz', 'A-Class', 'A45', 519900, 2017, 6500]
['Mercedes-Benz', 'A-Class', 'A200d', 519900, -1, -1]
['Mercedes-Benz', 'A-Class', 'A45', 519890, 2017, 11371]
['Mercedes-Benz', 'A-Class', 'A200d', 519000, 2017, 1500]
['Mercedes-Benz', 'A-Class', 'A45', 517995, 2014, 37000]
['Mercedes-Benz', 'A-Class', 'A45', 499900, 2014, 42000]
['Mercedes-Benz', 'A-Class', 'A220CDI', 399950, 2015, 15124]
['Mercedes-Benz', 'A-Class', 'A200', 399900, 2018, 182]
['Mercedes-Benz', 'A-Class', 'A200', 399900, 2017, 13000]
['Mercedes-Benz', 'A-Class', 'A200d', 399900, 2016, 12500]
['Mercedes-Benz', 'A-Class', 'A200', 399900, 2015, 34000]
['Mercedes-Benz', 'A-Class', 'A200', 399900, 2017, 7650]
['Mercedes-Benz', 'A-Class', 'A200', 399900, 2017, 20500]
['Mercedes-Benz', 'A-Class', 'A250', 399900, 2015, 31000]
['Mercedes-Benz', 'A-Class', 'A200d', 399900, 2016, 14400]
['Mercedes-Benz', 'A-Class', 'A200', 399900, 2015, 20500]
['Mercedes-Benz', 'A-Class', 'A200CDI', 399900, 2016, 14000]
['Mercedes-Benz', 'A-Class', 'A200d', 399900, 2017, 25000]
['Mercedes-Benz', 'A-Class', 'A200', 399000, 2017, 9500]
['Mercedes-Benz', 'A-Class', 'A200', 399000, -1, -1]
['Mercedes-Benz', 'A-Class', 'A200d', 399000, 2016, 36000]
['Mercedes-Benz', 'A-Class', 'A200D', 399000, 2017, 17000]
['Mercedes-Benz', 'A-Class', 'A200', 389950, -1, -1]
['Mercedes-Benz', 'A-Class', 'A200', 389950, 2016, 16000]
['Mercedes-Benz', 'A-Class', 'A200', 389950, 2016, 21415]
['Mercedes-Benz', 'A-Class', 'A250', 389900, 2016, 21315]
['Mercedes-Benz', 'A-Class', 'A200d', 389900, 2014, 59900]
['Mercedes-Benz', 'A-Class', 'A200', 389900, 2016, 44000]
['Mercedes-Benz', 'A-Class', 'A200', 389900, 2016, 17500]
['Mercedes-Benz', 'A-Class', 'A250', 389900, 2016, 16300]
['Mercedes-Benz', 'A-Class', 'A220d', 389900, 2014, 59900]
['Mercedes-Benz', 'A-Class', 'A250', 389900, -1, -1]
['Mercedes-Benz', 'A-Class', 'A200', 389900, 2014, 59900]
['Mercedes-Benz', 'A-Class', 'A250', 379995, 2016, 14980]
['Mercedes-Benz', 'A-Class', 'A220CDI', 379995, 2015, 72000]
['Mercedes-Benz', 'A-Class', 'A250', 379995, 2014, 67000]
['Mercedes-Benz', 'A-Class', 'A200', 379950, -1, -1]
['Mercedes-Benz', 'A-Class', 'A200d', 379950, 2015, 67000]
['Mercedes-Benz', 'A-Class', 'A250', 379900, 2016, 82848]
['Mercedes-Benz', 'A-Class', 'A200d', 379900, 2016, 29000]
['Mercedes-Benz', 'A-Class', 'A220d', 379900, 2014, 51865]
['Mercedes-Benz', 'A-Class', 'A200', 379900, 2016, 19738]
['Mercedes-Benz', 'A-Class', 'A200', 374900, 2016, 41632]
['Mercedes-Benz', 'A-Class', 'A200', 369995, 2016, 15532]
['Mercedes-Benz', 'A-Class', 'A200', 369990, 2015, 47000]
['Mercedes-Benz', 'A-Class', 'A200CDI', 369950, 2016, 31700]
['Mercedes-Benz', 'A-Class', 'A220d', 369900, 2015, 56000]
['Mercedes-Benz', 'A-Class', 'A180CDI', 369900, 2015, 57500]
['Mercedes-Benz', 'A-Class', 'A200CDI', 369900, 2015, 39000]
['Mercedes-Benz', 'A-Class', 'A250', 369900, -1, -1]
['Mercedes-Benz', 'A-Class', 'A200CDI', 369900, 2014, 73948]
['Mercedes-Benz', 'A-Class', 'A200', 369800, 2015, 25000]
['Mercedes-Benz', 'A-Class', 'A250', 369000, 2014, 71400]
['Mercedes-Benz', 'A-Class', 'A200CDI', 369000, -1, -1]
['Mercedes-Benz', 'A-Class', 'A220CDI', 367889, 2016, 25000]
['Mercedes-Benz', 'A-Class', 'A250', 364900, 2015, 52500]
['Mercedes-Benz', 'A-Class', 'A250', 364900, 2015, 77000]
['Mercedes-Benz', 'A-Class', 'A180', 363000, 2014, 79000]
['Mercedes-Benz', 'A-Class', 'A250', 359995, -1, -1]
['Mercedes-Benz', 'A-Class', 'A250', 359995, 2014, 76000]
['Mercedes-Benz', 'A-Class', 'A220CDI', 359950, 2014, 49000]
['Mercedes-Benz', 'A-Class', 'A250', 359950, 2015, 49000]
['Mercedes-Benz', 'A-Class', 'A220d', 359900, 2013, 62000]
['Mercedes-Benz', 'A-Class', 'A220CDI', 359900, 2013, 44900]
['Mercedes-Benz', 'A-Class', 'A250', 359900, 2015, 52000]
['Mercedes-Benz', 'A-Class', 'A200', 359000, 2013, 59000]
['Mercedes-Benz', 'A-Class', 'A220d', 469900, 2017, 7700]
['Mercedes-Benz', 'A-Class', 'A180', 109990, -1, -1]
['Mercedes-Benz', 'A-Class', 'A170', 109900, 2010, 150000]
['Mercedes-Benz', 'A-Class', 'A170', 109900, 2008, 143618]
['Mercedes-Benz', 'A-Class', 'A180CDI', 109900, 2008, 72000]
['Mercedes-Benz', 'A-Class', 'A180CDI', 109000, 2009, 182000]
['Mercedes-Benz', 'A-Class', 'A180', 108000, 2012, 120115]
['Mercedes-Benz', 'A-Class', 'A180CDI', 104900, 2010, 142000]
['Mercedes-Benz', 'A-Class', 'A200', 100000, 2008, 108000]
['Mercedes-Benz', 'A-Class', 'A170', 99995, 2010, 167000]
['Mercedes-Benz', 'A-Class', 'A170', 99995, 2008, 160861]
['Mercedes-Benz', 'A-Class', 'A180CDI', 99900, 2008, 155238]
['Mercedes-Benz', 'A-Class', 'A200', 99900, 2008, 240000]
['Mercedes-Benz', 'A-Class', 'A170', 99900, 2006, 142000]
['Mercedes-Benz', 'A-Class', 'A170', 99500, 2006, 97000]
['Mercedes-Benz', 'A-Class', 'A180', 99000, 2008, 120000]
['Mercedes-Benz', 'A-Class', 'A200', 95777, 2008, 99950]
['Mercedes-Benz', 'A-Class', 'A200', 95000, -1, -1]
['Mercedes-Benz', 'A-Class', 'A170', 89990, -1, -1]
['Mercedes-Benz', 'A-Class', 'A200', 89990, 2007, 140000]
['Mercedes-Benz', 'A-Class', 'A170', 89950, -1, -1]
['Mercedes-Benz', 'A-Class', 'A160L', 89950, -1, -1]
['Mercedes-Benz', 'A-Class', 'A180CDI', 89900, -1, -1]
['Mercedes-Benz', 'A-Class', 'A200', 89000, -1, -1]
['Mercedes-Benz', 'A-Class', 'A180CDI', 87900, 2006, 97000]
['Mercedes-Benz', 'A-Class', 'A170', 85995, 2009, 195000]
['Mercedes-Benz', 'A-Class', 'A170', 84900, 2008, 125414]
['Mercedes-Benz', 'A-Class', 'A170', 84890, -1, -1]
['Mercedes-Benz', 'A-Class', 'A170', 84890, 2006, 145000]
['Mercedes-Benz', 'A-Class', 'A180CDI', 79990, 2007, 157000]
['Mercedes-Benz', 'A-Class', 'A180CDI', 79990, -1, -1]
['Mercedes-Benz', 'A-Class', 'A180CDI', 79950, 2006, 280000]
['Mercedes-Benz', 'A-Class', 'A170', 79900, -1, -1]
['Mercedes-Benz', 'A-Class', 'A170', 79800, 2006, 186650]
['Mercedes-Benz', 'A-Class', 'A170', 79777, 2005, 160000]
['Mercedes-Benz', 'A-Class', 'A180CDI', 69900, -1, -1]
['Mercedes-Benz', 'A-Class', 'A170', 69900, -1, -1]
['Mercedes-Benz', 'A-Class', 'A190', 69450, 2005, 204590]
['Mercedes-Benz', 'A-Class', 'A180CDI', 67000, -1, -1]
['Mercedes-Benz', 'A-Class', 'A170', 59900, -1, -1]
['Mercedes-Benz', 'A-Class', 'A180CDI', 59900, 2006, 202000]
['Mercedes-Benz', 'A-Class', 'A180CDI', 52500, 2006, 189547]
['Mercedes-Benz', 'A-Class', 'A160', 49999, 2005, 170645]
['Mercedes-Benz', 'A-Class', 'A160', 49950, -1, -1]
['Mercedes-Benz', 'A-Class', '', 48000, 2003, 237600]
['Mercedes-Benz', 'A-Class', 'A160L', 45000, 2003, 198000]
['Mercedes-Benz', 'A-Class', 'A160', 45000, 2002, 237800]
['Mercedes-Benz', 'A-Class', 'A200d', 562400, 2002, 190000]
['Mercedes-Benz', 'A-Class', 'A180CDI', 125000, 2012, 117820]
['Mercedes-Benz', 'A-Class', 'A170', 99995, 2008, 160861]
['Mercedes-Benz', 'A-Class', '', 430000, 2016, 23500]
['Mercedes-Benz', 'A-Class', 'A200d', 434999, 2016, 43000]
['Mercedes-Benz', 'A-Class', 'A200CDI', 369950, 2015, 57500]
['Mercedes-Benz', 'A-Class', 'A170', 119999, 2008, 134000]
['Mercedes-Benz', 'A-Class', 'A200', 309900, 2014, 58000]
['Mercedes-Benz', 'A-Class', 'A220CDI', 299000, 2014, 49500]
['Mercedes-Benz', 'A-Class', 'A180', 249500, 2013, 87000]
['Mercedes-Benz', 'A-Class', 'A200', 279900, 2014, 127000]
['Mercedes-Benz', 'A-Class', '', 48000, 2003, 198000]
['Mercedes-Benz', 'C-Class', 'C180', 179900, 2010, 146500]
['Mercedes-Benz', 'C-Class', 'C63', 1599995, 2012, 57000]
['Mercedes-Benz', 'C-Class', 'C63', 1399950, -1, -1]
['Mercedes-Benz', 'C-Class', 'C63', 1399900, 2012, 55275]
['Mercedes-Benz', 'C-Class', 'C63', 1149950, 2017, 180]
['Mercedes-Benz', 'C-Class', 'C63', 1100000, 2015, 29779]
['Mercedes-Benz', 'C-Class', 'C63', 979950, 2015, 8000]
['Mercedes-Benz', 'C-Class', 'C63', 925000, 2016, 39000]
['Mercedes-Benz', 'C-Class', 'C220d', 919900, 2015, 15800]
['Mercedes-Benz', 'C-Class', 'C200', 910000, 2018, 29]
['Mercedes-Benz', 'C-Class', 'C63', 899990, 2018, 1500]
['Mercedes-Benz', 'C-Class', 'C63', 899950, 2014, 22000]
['Mercedes-Benz', 'C-Class', 'C63', 899900, 2015, 19733]
['Mercedes-Benz', 'C-Class', 'C220d', 889000, 2014, 12960]
['Mercedes-Benz', 'C-Class', 'C220d', 880000, 2017, 1950]
['Mercedes-Benz', 'C-Class', 'C200', 879000, 2017, 6294]
['Mercedes-Benz', 'C-Class', 'C300', 849950, 2017, 5500]
['Mercedes-Benz', 'C-Class', 'C200', 839900, 2017, 9150]
['Mercedes-Benz', 'C-Class', 'C200', 835832, 2018, 100]
['Mercedes-Benz', 'C-Class', 'C200', 799995, 2018, 0]
['Mercedes-Benz', 'C-Class', 'C63', 799995, 2017, 9000]
['Mercedes-Benz', 'C-Class', 'C200', 799995, 2014, 47000]
['Mercedes-Benz', 'C-Class', 'C300', 799950, 2016, 27348]
['Mercedes-Benz', 'C-Class', 'C300', 799900, 2017, 10900]
['Mercedes-Benz', 'C-Class', 'C300', 799900, 2017, 16500]
['Mercedes-Benz', 'C-Class', 'C220d', 798500, 2017, 3600]
['Mercedes-Benz', 'C-Class', 'C200', 790000, 2016, 5000]
['Mercedes-Benz', 'C-Class', 'C220d', 774713, 2016, 1500]
['Mercedes-Benz', 'C-Class', 'C300', 769900, 2018, 50]
['Mercedes-Benz', 'C-Class', 'C200', 759995, 2017, 2000]
['Mercedes-Benz', 'C-Class', 'C200', 759995, -1, -1]
['Mercedes-Benz', 'C-Class', 'C220d', 759900, 2018, 100]
['Mercedes-Benz', 'C-Class', 'C200', 759000, 2018, 100]
['Mercedes-Benz', 'C-Class', 'C63', 749990, 2017, 10001]
['Mercedes-Benz', 'C-Class', 'C250d', 749950, 2017, 5500]
['Mercedes-Benz', 'C-Class', 'C300', 749950, 2014, 77000]
['Mercedes-Benz', 'C-Class', 'C220d', 749950, 2017, 6500]
['Mercedes-Benz', 'C-Class', 'C300', 749900, 2017, 2100]
['Mercedes-Benz', 'C-Class', 'C200', 739900, 2017, 4000]
['Mercedes-Benz', 'C-Class', 'C220d', 738754, 2017, 6900]
['Mercedes-Benz', 'C-Class', 'C200', 729950, 2017, 1500]
['Mercedes-Benz', 'C-Class', 'C220d', 729900, 2018, 0]
['Mercedes-Benz', 'C-Class', 'C300', 719999, 2017, 11620]
['Mercedes-Benz', 'C-Class', 'C200', 719950, 2017, 900]
['Mercedes-Benz', 'C-Class', 'C220d', 709900, -1, -1]
['Mercedes-Benz', 'C-Class', 'C200', 703388, 2017, 15000]
['Mercedes-Benz', 'C-Class', 'C63', 699995, -1, -1]
['Mercedes-Benz', 'C-Class', 'C200', 699990, 2016, 1500]
['Mercedes-Benz', 'C-Class', 'C200', 699950, 2018, 19]
['Mercedes-Benz', 'C-Class', 'C300', 699950, 2014, 45500]
['Mercedes-Benz', 'C-Class', 'C300', 699950, -1, -1]
['Mercedes-Benz', 'C-Class', 'C200', 699900, 2017, 2700]
['Mercedes-Benz', 'C-Class', 'C350e', 699900, -1, -1]
['Mercedes-Benz', 'C-Class', 'C220d', 699900, 2018, 1500]
['Mercedes-Benz', 'C-Class', 'C300', 699900, 2016, 7000]
['Mercedes-Benz', 'C-Class', 'C220d', 699900, 2017, 5850]
['Mercedes-Benz', 'C-Class', 'C200', 697063, 2017, 7500]
['Mercedes-Benz', 'C-Class', 'C250', 694995, 2017, 4300]
['Mercedes-Benz', 'C-Class', 'C200', 694322, 2017, 100]
['Mercedes-Benz', 'C-Class', 'C220d', 689900, 2018, 4000]
['Mercedes-Benz', 'C-Class', 'C200', 689900, 2017, 3000]
['Mercedes-Benz', 'C-Class', 'C180', 205000, 2010, 106000]
['Mercedes-Benz', 'C-Class', 'C220d', 589900, 2017, 17000]
['Mercedes-Benz', 'C-Class', 'C200', 589900, -1, -1]
['Mercedes-Benz', 'C-Class', 'C200', 589000, 2017, 5000]
['Mercedes-Benz', 'C-Class', 'C220d', 589000, 2017, 15575]
['Mercedes-Benz', 'C-Class', 'C200', 589000, 2017, 5000]
['Mercedes-Benz', 'C-Class', 'C200', 589000, 2017, 10500]
['Mercedes-Benz', 'C-Class', 'C200', 589000, -1, -1]
['Mercedes-Benz', 'C-Class', 'C220d', 589000, 2017, 1300]
['Mercedes-Benz', 'C-Class', 'C180', 589000, 2017, 6807]
['Mercedes-Benz', 'C-Class', 'C200', 589000, 2016, 11000]
['Mercedes-Benz', 'C-Class', 'C180', 585950, 2017, 1500]
['Mercedes-Benz', 'C-Class', 'C180', 585000, 2017, 9000]
['Mercedes-Benz', 'C-Class', 'C180', 585000, 2018, 1500]
['Mercedes-Benz', 'C-Class', 'C220d', 583000, 2018, 4500]
['Mercedes-Benz', 'C-Class', 'C180', 580061, 2018, 5000]
['Mercedes-Benz', 'C-Class', 'C220d', 580000, 2017, 8000]
['Mercedes-Benz', 'C-Class', 'C63', 579990, 2017, 2744]
['Mercedes-Benz', 'C-Class', 'C200', 579950, 2017, 7000]
['Mercedes-Benz', 'C-Class', 'C200', 579950, 2013, 84000]
['Mercedes-Benz', 'C-Class', 'C220d', 579950, 2017, 13647]
['Mercedes-Benz', 'C-Class', 'C200', 579950, 2017, 5300]
['Mercedes-Benz', 'C-Class', 'C200', 579950, 2016, 28000]
['Mercedes-Benz', 'C-Class', 'C200', 579950, 2017, 4600]
['Mercedes-Benz', 'C-Class', 'C200', 579950, 2017, 5799]
['Mercedes-Benz', 'C-Class', 'C200', 579950, 2017, 7000]
['Mercedes-Benz', 'C-Class', 'C220d', 579950, 2017, 9500]
['Mercedes-Benz', 'C-Class', 'C200', 579900, 2017, 1500]
['Mercedes-Benz', 'C-Class', 'C180', 579900, 2017, 1448]
['Mercedes-Benz', 'C-Class', 'C200', 579900, 2017, 1500]
['Mercedes-Benz', 'C-Class', 'C200', 579900, -1, -1]
['Mercedes-Benz', 'C-Class', 'C200', 579900, 2017, 100]
['Mercedes-Benz', 'C-Class', 'C220', 579900, -1, -1]
['Mercedes-Benz', 'C-Class', 'C200', 579900, 2017, 15188]
['Mercedes-Benz', 'C-Class', 'C200', 579900, -1, -1]
['Mercedes-Benz', 'C-Class', 'C200', 579900, 2017, 3588]
['Mercedes-Benz', 'C-Class', 'C200', 579900, -1, -1]
['Mercedes-Benz', 'C-Class', 'C200', 579900, 2017, 10000]
['Mercedes-Benz', 'C-Class', 'C220d', 579900, 2017, 11500]
['Mercedes-Benz', 'C-Class', 'C200', 579900, 2017, 11000]
['Mercedes-Benz', 'C-Class', 'C200', 579900, -1, -1]
['Mercedes-Benz', 'C-Class', 'C200', 579900, 2017, 12065]
['Mercedes-Benz', 'C-Class', 'C200', 579900, -1, -1]
['Mercedes-Benz', 'C-Class', 'C180', 579000, 2017, 1500]
['Mercedes-Benz', 'C-Class', 'C200', 579000, 2017, 1960]
['Mercedes-Benz', 'C-Class', 'C200', 579000, -1, -1]
['Mercedes-Benz', 'C-Class', 'C200', 579000, 2017, 1500]
['Mercedes-Benz', 'C-Class', 'C200', 579000, 2017, 100]
['Mercedes-Benz', 'C-Class', 'C200', 579000, 2017, 4228]
['Mercedes-Benz', 'C-Class', 'C200', 579000, 2017, 9600]
['Mercedes-Benz', 'C-Class', 'C300', 577900, -1, -1]
['Mercedes-Benz', 'C-Class', 'C180', 576000, 2017, 7000]
['Mercedes-Benz', 'C-Class', 'C250d', 575000, 2017, 1500]
['Mercedes-Benz', 'C-Class', 'C220d', 574900, 2017, 10000]
['Mercedes-Benz', 'C-Class', 'C300', 570000, 2017, 11280]
['Mercedes-Benz', 'C-Class', 'C220d', 569990, 2017, 12383]
['Mercedes-Benz', 'C-Class', 'C200', 569950, 2017, 11000]
['Mercedes-Benz', 'C-Class', 'C200', 569950, -1, -1]
['Mercedes-Benz', 'C-Class', 'C200', 569950, 2017, 112]
['Mercedes-Benz', 'C-Class', 'C300', 569950, 2017, 11000]
['Mercedes-Benz', 'C-Class', 'C220d', 569900, -1, -1]
['Mercedes-Benz', 'C-Class', 'C200', 369995, 2014, 102145]
['Mercedes-Benz', 'C-Class', 'C200', 519900, 2017, 6000]
['Mercedes-Benz', 'C-Class', 'C180', 519900, 2017, 10000]
['Mercedes-Benz', 'C-Class', 'C180', 519900, 2017, 6500]
['Mercedes-Benz', 'C-Class', 'C220d', 519000, 2017, 22000]
['Mercedes-Benz', 'C-Class', 'C220d', 519000, 2017, 6500]
['Mercedes-Benz', 'C-Class', 'C180', 519000, 2017, 12000]
['Mercedes-Benz', 'C-Class', 'C200', 519000, 2017, 12500]
['Mercedes-Benz', 'C-Class', 'C180', 519000, 2017, 12500]
['Mercedes-Benz', 'C-Class', 'C180', 519000, -1, -1]
['Mercedes-Benz', 'C-Class', 'C250', 515000, 2017, 9400]
['Mercedes-Benz', 'C-Class', 'C200', 515000, 2017, 15000]
['Mercedes-Benz', 'C-Class', 'C250d', 515000, 2017, 6500]
['Mercedes-Benz', 'C-Class', 'C250', 515000, 2016, 20000]
['Mercedes-Benz', 'C-Class', 'C200', 509950, 2017, 15000]
['Mercedes-Benz', 'C-Class', 'C220d', 509950, 2017, 9541]
['Mercedes-Benz', 'C-Class', 'C180', 509950, 2016, 31000]
['Mercedes-Benz', 'C-Class', 'C180', 509950, 2017, 19748]
['Mercedes-Benz', 'C-Class', 'C180', 509900, 2017, 13000]
['Mercedes-Benz', 'C-Class', 'C180', 509900, 2017, 7000]
['Mercedes-Benz', 'C-Class', 'C200', 509900, 2017, 10000]
['Mercedes-Benz', 'C-Class', 'C180', 509900, 2016, 12000]
['Mercedes-Benz', 'C-Class', 'C180', 509900, 2017, 2000]
['Mercedes-Benz', 'C-Class', 'C180', 509900, 2017, 7000]
['Mercedes-Benz', 'C-Class', 'C200', 509900, 2017, 186]
['Mercedes-Benz', 'C-Class', 'C200', 509900, 2017, 18500]
['Mercedes-Benz', 'C-Class', 'C180', 509900, 2017, 10500]
['Mercedes-Benz', 'C-Class', 'C200', 509900, 2017, 3500]
['Mercedes-Benz', 'C-Class', 'C200', 509000, 2017, 10000]
['Mercedes-Benz', 'C-Class', 'C200', 505000, 2017, 9500]
['Mercedes-Benz', 'C-Class', 'C200', 505000, 2017, 5000]
['Mercedes-Benz', 'C-Class', 'C180', 504900, 2016, 16000]
['Mercedes-Benz', 'C-Class', 'C180', 504885, -1, -1]
['Mercedes-Benz', 'C-Class', 'C200', 500000, 2017, 250]
['Mercedes-Benz', 'C-Class', 'C220d', 499995, 2017, 9200]
['Mercedes-Benz', 'C-Class', 'C180', 499995, -1, -1]
['Mercedes-Benz', 'C-Class', 'C180', 499995, 2017, 11181]
['Mercedes-Benz', 'C-Class', 'C220d', 499995, -1, -1]
['Mercedes-Benz', 'C-Class', 'C200', 499995, 2015, 17000]
['Mercedes-Benz', 'C-Class', 'C220', 499995, 2016, 16083]
['Mercedes-Benz', 'C-Class', 'C180', 499995, 2017, 26000]
['Mercedes-Benz', 'C-Class', 'C250d', 499995, 2016, 15400]
['Mercedes-Benz', 'C-Class', 'C180', 499995, 2015, 13000]
['Mercedes-Benz', 'C-Class', 'C250', 499990, 2015, 39129]
['Mercedes-Benz', 'C-Class', 'C200', 499950, 2016, 14877]
['Mercedes-Benz', 'C-Class', 'C200', 499950, 2015, 39000]
['Mercedes-Benz', 'C-Class', 'C180', 499950, 2016, 27224]
['Mercedes-Benz', 'C-Class', 'C180', 499950, 2016, 67000]
['Mercedes-Benz', 'C-Class', 'C200', 499950, 2017, 16800]
['Mercedes-Benz', 'C-Class', 'C250', 499950, 2016, 15000]
['Mercedes-Benz', 'C-Class', 'C180', 499950, 2018, 12599]
['Mercedes-Benz', 'C-Class', 'C180', 499950, 2017, 20000]
['Mercedes-Benz', 'C-Class', 'C180', 499950, 2017, 17849]
['Mercedes-Benz', 'C-Class', 'C180', 499950, -1, -1]
['Mercedes-Benz', 'C-Class', 'C180', 499950, 2017, 8900]
['Mercedes-Benz', 'C-Class', 'C180', 499950, 2018, 11544]
['Mercedes-Benz', 'C-Class', 'C180', 499950, 2017, 14500]
['Mercedes-Benz', 'C-Class', 'C200', 499950, 2018, 11506]
['Mercedes-Benz', 'C-Class', 'C180', 499950, 2017, 7939]
['Mercedes-Benz', 'C-Class', 'C180', 499950, 2017, 5007]
['Mercedes-Benz', 'C-Class', 'C180', 499950, 2017, 8860]
['Mercedes-Benz', 'C-Class', 'C200CGI', 209900, 2011, 81939]
['Mercedes-Benz', 'C-Class', 'C220', 419900, 2015, 37700]
['Mercedes-Benz', 'C-Class', 'C220', 419900, 2015, 58000]
['Mercedes-Benz', 'C-Class', 'C180', 419900, -1, -1]
['Mercedes-Benz', 'C-Class', 'C180', 419800, 2015, 30705]
['Mercedes-Benz', 'C-Class', 'C180', 419800, 2014, 66000]
['Mercedes-Benz', 'C-Class', 'C220d', 419500, 2014, 66000]
['Mercedes-Benz', 'C-Class', 'C200', 419000, 2015, 55404]
['Mercedes-Benz', 'C-Class', 'C200', 419000, -1, -1]
['Mercedes-Benz', 'C-Class', 'C180', 415950, 2016, 48000]
['Mercedes-Benz', 'C-Class', 'C250d', 414900, 2015, 65767]
['Mercedes-Benz', 'C-Class', 'C220d', 410000, 2016, 15500]
['Mercedes-Benz', 'C-Class', 'C63', 409990, 2014, 59855]
['Mercedes-Benz', 'C-Class', 'C200', 409950, 2016, 31000]
['Mercedes-Benz', 'C-Class', 'C200', 409950, 2009, 86000]
['Mercedes-Benz', 'C-Class', 'C220d', 409950, -1, -1]
['Mercedes-Benz', 'C-Class', 'C250d', 409950, 2015, 32990]
['Mercedes-Benz', 'C-Class', 'C200', 409950, 2014, 54000]
['Mercedes-Benz', 'C-Class', 'C200', 409900, 2014, 34000]
['Mercedes-Benz', 'C-Class', 'C180', 409900, -1, -1]
['Mercedes-Benz', 'C-Class', 'C180', 409900, 2014, 55000]
['Mercedes-Benz', 'C-Class', 'C220d', 409900, 2015, 62000]
['Mercedes-Benz', 'C-Class', 'C180', 409900, 2016, 32919]
['Mercedes-Benz', 'C-Class', 'C200', 409900, 2015, 54433]
['Mercedes-Benz', 'C-Class', 'C180', 409900, 2014, 45000]
['Mercedes-Benz', 'C-Class', 'C250d', 409900, -1, -1]
['Mercedes-Benz', 'C-Class', 'C180', 409000, 2014, 47000]
['Mercedes-Benz', 'C-Class', 'C180', 409000, 2015, 39290]
['Mercedes-Benz', 'C-Class', 'C180', 409000, 2015, 59000]
['Mercedes-Benz', 'C-Class', 'C250', 400000, 2016, 23000]
['Mercedes-Benz', 'C-Class', 'C220', 400000, 2016, 31000]
['Mercedes-Benz', 'C-Class', 'C180', 399999, 2016, 59800]
['Mercedes-Benz', 'C-Class', 'C200', 399995, -1, -1]
['Mercedes-Benz', 'C-Class', 'C180', 399995, 2014, 38400]
['Mercedes-Benz', 'C-Class', 'C180', 399995, -1, -1]
['Mercedes-Benz', 'C-Class', 'C180', 399995, 2016, 20300]
['Mercedes-Benz', 'C-Class', 'C220', 399995, 2014, 38561]
['Mercedes-Benz', 'C-Class', 'C180', 399995, 2016, 19492]
['Mercedes-Benz', 'C-Class', 'C220d', 399995, 2017, 30555]
['Mercedes-Benz', 'C-Class', 'C180', 399995, 2016, 82800]
['Mercedes-Benz', 'C-Class', 'C180', 399995, 2015, 41106]
['Mercedes-Benz', 'C-Class', 'C220d', 399990, 2016, 47500]
['Mercedes-Benz', 'C-Class', 'C180', 399990, 2015, 46000]
['Mercedes-Benz', 'C-Class', 'C250', 399990, -1, -1]
['Mercedes-Benz', 'C-Class', 'C180', 399990, 2016, 32162]
['Mercedes-Benz', 'C-Class', 'C250CDI', 399950, 2015, 40105]
['Mercedes-Benz', 'C-Class', 'C200', 399950, 2014, 63000]
['Mercedes-Benz', 'C-Class', 'C220d', 399950, 2014, 17027]
['Mercedes-Benz', 'C-Class', 'C200', 399950, 2015, 75000]
['Mercedes-Benz', 'C-Class', 'C180', 399950, 2014, 42000]
['Mercedes-Benz', 'C-Class', 'C63', 399950, 2014, 71824]
['Mercedes-Benz', 'C-Class', 'C250', 399950, 2014, 59411]
['Mercedes-Benz', 'C-Class', 'C180', 399950, 2014, 85000]
['Mercedes-Benz', 'C-Class', 'C200', 399950, -1, -1]
['Mercedes-Benz', 'C-Class', 'C250', 399950, 2008, 106000]
['Mercedes-Benz', 'C-Class', 'C200', 399900, 2014, 75000]
['Mercedes-Benz', 'C-Class', 'C250d', 399900, 2016, 31000]
['Mercedes-Benz', 'C-Class', 'C200', 399900, 2015, 39980]
['Mercedes-Benz', 'C-Class', 'C200', 399900, 2014, 34389]
['Mercedes-Benz', 'C-Class', 'C180', 399900, 2014, 34500]
['Mercedes-Benz', 'C-Class', 'C250', 399900, 2015, 53200]
['Mercedes-Benz', 'C-Class', 'C63', 469995, 2010, 50000]
['Mercedes-Benz', 'C-Class', 'C200', 350000, -1, -1]
['Mercedes-Benz', 'C-Class', 'C180', 349995, 2016, 32000]
['Mercedes-Benz', 'C-Class', 'C180', 349995, 2016, 32215]
['Mercedes-Benz', 'C-Class', 'C180', 349995, 2016, 27476]
['Mercedes-Benz', 'C-Class', 'C220', 349995, 2015, 109000]
['Mercedes-Benz', 'C-Class', 'C180', 349995, 2016, 46000]
['Mercedes-Benz', 'C-Class', 'C180', 349995, 2016, 25700]
['Mercedes-Benz', 'C-Class', 'C200', 349995, 2015, 100500]
['Mercedes-Benz', 'C-Class', 'C180', 349995, 2016, 25000]
['Mercedes-Benz', 'C-Class', 'C180', 349995, 2016, 29534]
['Mercedes-Benz', 'C-Class', 'C180', 349995, 2015, 81583]
['Mercedes-Benz', 'C-Class', 'C180', 349995, 2016, 29800]
['Mercedes-Benz', 'C-Class', 'C180', 349990, 2015, 62000]
['Mercedes-Benz', 'C-Class', 'C180', 349990, 2015, 70000]
['Mercedes-Benz', 'C-Class', 'C180', 349990, 2015, 69000]
['Mercedes-Benz', 'C-Class', 'C180', 349990, 2015, 64000]
['Mercedes-Benz', 'C-Class', 'C250d', 349950, 2015, 133500]
['Mercedes-Benz', 'C-Class', 'C200', 349950, 2014, 81373]
['Mercedes-Benz', 'C-Class', 'C200', 349950, -1, -1]
['Mercedes-Benz', 'C-Class', 'C180', 349950, 2015, 70180]
['Mercedes-Benz', 'C-Class', 'C220', 349950, 2014, 116161]
['Mercedes-Benz', 'C-Class', 'C180', 349950, 2014, 62393]
['Mercedes-Benz', 'C-Class', 'C200', 349950, 2014, 91000]
['Mercedes-Benz', 'C-Class', 'C250', 349950, 2014, 57000]
['Mercedes-Benz', 'C-Class', 'C220d', 349950, 2014, 104500]
['Mercedes-Benz', 'C-Class', 'C220', 349950, 2015, 99956]
['Mercedes-Benz', 'C-Class', 'C350', 349900, 2013, 108855]
['Mercedes-Benz', 'C-Class', 'C350', 349900, 2013, 29000]
['Mercedes-Benz', 'C-Class', 'C180', 349900, 2014, 59900]
['Mercedes-Benz', 'C-Class', 'C250d', 349900, 2015, 0]
['Mercedes-Benz', 'C-Class', 'C180', 349900, 2015, 95000]
['Mercedes-Benz', 'C-Class', 'C63', 349900, 2009, 114213]
['Mercedes-Benz', 'C-Class', 'C180', 349900, 2015, 75000]
['Mercedes-Benz', 'C-Class', 'C180', 349900, 2016, 37819]
['Mercedes-Benz', 'C-Class', 'C250CDI', 349900, 2014, 46000]
['Mercedes-Benz', 'C-Class', 'C220', 349900, 2014, 65000]
['Mercedes-Benz', 'C-Class', 'C220', 349900, 2015, 63300]
['Mercedes-Benz', 'C-Class', 'C180', 349900, 2016, 30591]
['Mercedes-Benz', 'C-Class', 'C200', 349900, 2015, 79000]
['Mercedes-Benz', 'C-Class', 'C220d', 349900, 2015, 111000]
['Mercedes-Benz', 'C-Class', 'C300', 349900, 2014, 59000]
['Mercedes-Benz', 'C-Class', 'C180', 349900, 2015, 79000]
['Mercedes-Benz', 'C-Class', 'C180', 349900, 2016, 31598]
['Mercedes-Benz', 'C-Class', 'C200', 349899, 2014, 52000]
['Mercedes-Benz', 'C-Class', 'C180', 349899, 2016, 43132]
['Mercedes-Benz', 'C-Class', 'C180', 349899, 2016, 40445]
['Mercedes-Benz', 'C-Class', 'C180', 349000, 2015, 45000]
['Mercedes-Benz', 'C-Class', 'C180', 349000, 2016, 65000]
['Mercedes-Benz', 'C-Class', 'C180', 349000, 2015, 76700]
['Mercedes-Benz', 'C-Class', 'C180', 349000, 2014, 72000]
['Mercedes-Benz', 'C-Class', 'C180', 349000, 2014, 60600]
['Mercedes-Benz', 'C-Class', 'C220d', 349000, 2014, 73000]
['Mercedes-Benz', 'C-Class', 'C220', 347000, 2014, 73435]
['Mercedes-Benz', 'C-Class', 'C180', 346900, -1, -1]
['Mercedes-Benz', 'C-Class', 'C180', 345900, 2016, 44000]
['Mercedes-Benz', 'C-Class', 'C220d', 345000, 2016, 24470]
['Mercedes-Benz', 'C-Class', 'C220d', 345000, -1, -1]
['Mercedes-Benz', 'C-Class', 'C180', 345000, -1, -1]
['Mercedes-Benz', 'C-Class', 'C180', 344995, 2016, 45000]
['Mercedes-Benz', 'C-Class', 'C180', 344995, 2016, 32450]
['Mercedes-Benz', 'C-Class', 'C320CDI', 179900, 2008, 148500]
['Mercedes-Benz', 'C-Class', 'C200', 274900, 2014, 80000]
['Mercedes-Benz', 'C-Class', 'C180', 272000, 2014, 85000]
['Mercedes-Benz', 'C-Class', 'C180', 272000, 2014, 85000]
['Mercedes-Benz', 'C-Class', 'C250CDI', 269995, 2012, 67052]
['Mercedes-Benz', 'C-Class', 'C180', 269995, 2013, 94400]
['Mercedes-Benz', 'C-Class', 'C250', 269995, 2011, 58770]
['Mercedes-Benz', 'C-Class', 'C250', 269990, 2013, 94576]
['Mercedes-Benz', 'C-Class', 'C200', 269990, 2012, 97000]
['Mercedes-Benz', 'C-Class', 'C200', 269990, 2012, 90000]
['Mercedes-Benz', 'C-Class', 'C250', 269950, 2013, 61000]
['Mercedes-Benz', 'C-Class', 'C250', 269950, 2013, 68000]
['Mercedes-Benz', 'C-Class', 'C180', 269950, 2013, 62000]
['Mercedes-Benz', 'C-Class', 'C350CDI', 269950, 2012, 122294]
['Mercedes-Benz', 'C-Class', 'C250CDI', 269949, -1, -1]
['Mercedes-Benz', 'C-Class', 'C180', 269900, 2014, 97542]
['Mercedes-Benz', 'C-Class', 'C350', 269900, 2012, 88000]
['Mercedes-Benz', 'C-Class', 'C200', 269900, 2014, 87700]
['Mercedes-Benz', 'C-Class', 'C180', 269900, -1, -1]
['Mercedes-Benz', 'C-Class', '', 269900, 2012, 45500]
['Mercedes-Benz', 'C-Class', 'C250', 269900, 2012, 49800]
['Mercedes-Benz', 'C-Class', 'C200', 269900, 2014, 93000]
['Mercedes-Benz', 'C-Class', 'C180', 269900, 2014, 83700]
['Mercedes-Benz', 'C-Class', 'C250CDI', 269900, 2013, 75359]
['Mercedes-Benz', 'C-Class', 'C200CDI', 269900, 2012, 73000]
['Mercedes-Benz', 'C-Class', 'C200', 269800, -1, -1]
['Mercedes-Benz', 'C-Class', 'C200', 269800, 2011, 95000]
['Mercedes-Benz', 'C-Class', 'C200', 265000, 2011, 95000]
['Mercedes-Benz', 'C-Class', 'C200CDI', 264995, -1, -1]
['Mercedes-Benz', 'C-Class', 'C180', 264900, 2013, 80240]
['Mercedes-Benz', 'C-Class', 'C180', 260000, 2014, 49500]
['Mercedes-Benz', 'C-Class', 'C180', 259999, 2014, 91000]
['Mercedes-Benz', 'C-Class', 'C250', 259995, 2013, 56000]
['Mercedes-Benz', 'C-Class', 'C180', 259995, 2012, 119600]
['Mercedes-Benz', 'C-Class', 'C180', 259990, 2013, 99000]
['Mercedes-Benz', 'C-Class', 'C180', 259990, 2014, 83000]
['Mercedes-Benz', 'C-Class', 'C250', 259950, 2014, 89000]
['Mercedes-Benz', 'C-Class', 'C250', 259950, 2012, 97889]
['Mercedes-Benz', 'C-Class', 'C200', 259950, 2012, 111649]
['Mercedes-Benz', 'C-Class', 'C250', 259950, 2014, 98871]
['Mercedes-Benz', 'C-Class', 'C200', 259950, -1, -1]
['Mercedes-Benz', 'C-Class', 'C200', 259950, 2012, 84999]
['Mercedes-Benz', 'C-Class', 'C200CDI', 259900, -1, -1]
['Mercedes-Benz', 'C-Class', 'C250CDI', 259900, 2013, 71051]
['Mercedes-Benz', 'C-Class', 'C250CDI', 259900, -1, -1]
['Mercedes-Benz', 'C-Class', 'C180', 259900, -1, -1]
['Mercedes-Benz', 'C-Class', 'C200', 259900, 2012, 87500]
['Mercedes-Benz', 'C-Class', 'C250CDI', 259900, 2012, 77500]
['Mercedes-Benz', 'C-Class', 'C180', 259900, 2012, 99941]
['Mercedes-Benz', 'C-Class', 'C200', 259900, 2012, 134000]
['Mercedes-Benz', 'C-Class', 'C300', 259900, -1, -1]
['Mercedes-Benz', 'C-Class', 'C200', 259900, 2014, 88000]
['Mercedes-Benz', 'C-Class', 'C180', 259000, -1, -1]
['Mercedes-Benz', 'C-Class', 'C180', 259000, 2014, 112000]
['Mercedes-Benz', 'C-Class', 'C180', 259000, 2012, 40000]
['Mercedes-Benz', 'C-Class', 'C180', 259000, -1, -1]
['Mercedes-Benz', 'C-Class', 'C180', 258995, 2014, 73000]
['Mercedes-Benz', 'C-Class', 'C200', 258994, 2014, 82300]
['Mercedes-Benz', 'C-Class', 'C350', 256950, 2013, 68000]
['Mercedes-Benz', 'C-Class', 'C180', 254995, -1, -1]
['Mercedes-Benz', 'C-Class', 'C180', 254950, 2014, 70886]
['Mercedes-Benz', 'C-Class', 'C180', 139990, 2008, 178750]
['Mercedes-Benz', 'C-Class', 'C180CGI', 209990, 2010, 89000]
['Mercedes-Benz', 'C-Class', 'C200', 209980, 2012, 85000]
['Mercedes-Benz', 'C-Class', 'C300', 209950, 2011, 89535]
['Mercedes-Benz', 'C-Class', 'C200CDI', 209950, 2011, 71250]
['Mercedes-Benz', 'C-Class', 'C180', 209950, 2011, 73000]
['Mercedes-Benz', 'C-Class', 'C200', 209950, -1, -1]
['Mercedes-Benz', 'C-Class', 'C200', 209950, 2012, 154000]
['Mercedes-Benz', 'C-Class', 'C180', 209950, 2012, 145122]
['Mercedes-Benz', 'C-Class', 'C200', 209950, 2013, 119000]
['Mercedes-Benz', 'C-Class', 'C200CDI', 209950, 2012, 99070]
['Mercedes-Benz', 'C-Class', 'C180', 209950, -1, -1]
['Mercedes-Benz', 'C-Class', 'C180CGI', 209900, -1, -1]
['Mercedes-Benz', 'C-Class', 'C200', 209900, 2012, 148000]
['Mercedes-Benz', 'C-Class', 'C180', 209900, -1, -1]
['Mercedes-Benz', 'C-Class', 'C200', 209900, 2012, 103000]
['Mercedes-Benz', 'C-Class', 'C200', 209900, 2012, 102000]
['Mercedes-Benz', 'C-Class', 'C200CGI', 209900, -1, -1]
['Mercedes-Benz', 'C-Class', 'C220CDI', 209900, 2011, 122000]
['Mercedes-Benz', 'C-Class', 'C180', 209900, -1, -1]
['Mercedes-Benz', 'C-Class', 'C180', 209900, 2011, 135783]
['Mercedes-Benz', 'C-Class', 'C200CGI', 209900, -1, -1]
['Mercedes-Benz', 'C-Class', 'C180', 209900, 2012, 118500]
['Mercedes-Benz', 'C-Class', 'C300', 209900, 2011, 81939]
['Mercedes-Benz', 'C-Class', 'C200', 209900, 2012, 98080]
['Mercedes-Benz', 'C-Class', 'C200', 209500, -1, -1]
['Mercedes-Benz', 'C-Class', 'C200CGI', 209000, 2011, 128000]
['Mercedes-Benz', 'C-Class', 'C200', 209000, 2011, 119000]
['Mercedes-Benz', 'C-Class', 'C180', 205000, 2010, 112000]
['Mercedes-Benz', 'C-Class', 'C200CGI', 205000, 2012, 103000]
['Mercedes-Benz', 'C-Class', 'C200CGI', 205000, -1, -1]
['Mercedes-Benz', 'C-Class', 'C180', 204999, 2011, 138000]
['Mercedes-Benz', 'C-Class', 'C200', 204900, -1, -1]
['Mercedes-Benz', 'C-Class', 'C180', 202900, 2014, 98000]
['Mercedes-Benz', 'C-Class', 'C180CGI', 200000, 2012, 100447]
['Mercedes-Benz', 'C-Class', 'C200', 200000, 2013, 106000]
['Mercedes-Benz', 'C-Class', 'C200', 200000, -1, -1]
['Mercedes-Benz', 'C-Class', 'C200CGI', 200000, -1, -1]
['Mercedes-Benz', 'C-Class', 'C180', 200000, -1, -1]
['Mercedes-Benz', 'C-Class', 'C180', 200000, -1, -1]
['Mercedes-Benz', 'C-Class', 'C180', 199999, -1, -1]
['Mercedes-Benz', 'C-Class', 'C200CDI', 199999, -1, -1]
['Mercedes-Benz', 'C-Class', 'C200', 199995, 2012, 77000]
['Mercedes-Benz', 'C-Class', 'C200', 199995, 2012, 115000]
['Mercedes-Benz', 'C-Class', 'C180', 199995, 2012, 133499]
['Mercedes-Benz', 'C-Class', 'C180CGI', 199995, 2012, 152000]
['Mercedes-Benz', 'C-Class', 'C180', 199995, 2012, 125448]
['Mercedes-Benz', 'C-Class', 'C200', 199995, 2011, 81700]
['Mercedes-Benz', 'C-Class', 'C180', 199995, 2013, 189960]
['Mercedes-Benz', 'C-Class', 'C200', 199995, 2012, 129277]
['Mercedes-Benz', 'C-Class', 'C180', 199995, 2011, 170645]
['Mercedes-Benz', 'C-Class', 'C200CDI', 199990, 2011, 105000]
['Mercedes-Benz', 'C-Class', 'C180CGI', 199990, 2011, 144749]
['Mercedes-Benz', 'C-Class', 'C180CGI', 199990, 2011, 98000]
['Mercedes-Benz', 'C-Class', 'C180', 199990, 2010, 83000]
['Mercedes-Benz', 'C-Class', 'C300', 199990, -1, -1]
['Mercedes-Benz', 'C-Class', 'C300', 199990, 2010, 83000]
['Mercedes-Benz', 'C-Class', 'C180', 199990, -1, -1]
['Mercedes-Benz', 'C-Class', 'C55', 199990, 2011, 118000]
['Mercedes-Benz', 'C-Class', 'C200', 199989, 2010, 55738]
['Mercedes-Benz', 'C-Class', 'C200', 199980, 2010, 116000]
['Mercedes-Benz', 'C-Class', 'C180', 315900, 2015, 78000]
['Mercedes-Benz', 'C-Class', 'C250CDI', 169000, 2012, 160000]
['Mercedes-Benz', 'C-Class', 'C180CGI', 168000, 2010, 150000]
['Mercedes-Benz', 'C-Class', 'C350CDI', 167000, -1, -1]
['Mercedes-Benz', 'C-Class', 'C200', 165000, -1, -1]
['Mercedes-Benz', 'C-Class', 'C200', 165000, -1, -1]
['Mercedes-Benz', 'C-Class', 'C180', 165000, -1, -1]
['Mercedes-Benz', 'C-Class', 'C320CDI', 165000, -1, -1]
['Mercedes-Benz', 'C-Class', 'C200CGI', 165000, -1, -1]
['Mercedes-Benz', 'C-Class', 'C350CDI', 165000, -1, -1]
['Mercedes-Benz', 'C-Class', 'C220CDI', 165000, -1, -1]
['Mercedes-Benz', 'C-Class', 'C180', 164900, -1, -1]
['Mercedes-Benz', 'C-Class', 'C180CGI', 164900, -1, -1]
['Mercedes-Benz', 'C-Class', 'C180', 164748, 2009, 128000]
['Mercedes-Benz', 'C-Class', 'C220CDI', 164000, 2010, 154000]
['Mercedes-Benz', 'C-Class', 'C180', 163768, -1, -1]
['Mercedes-Benz', 'C-Class', 'C180', 160000, 2012, 261546]
['Mercedes-Benz', 'C-Class', 'C200', 160000, -1, -1]
['Mercedes-Benz', 'C-Class', 'C200CGI', 160000, -1, -1]
['Mercedes-Benz', 'C-Class', 'C180', 160000, -1, -1]
['Mercedes-Benz', 'C-Class', 'C200CGI', 160000, -1, -1]
['Mercedes-Benz', 'C-Class', 'C350CDI', 160000, -1, -1]
['Mercedes-Benz', 'C-Class', 'C180CGI', 160000, 2012, 102000]
['Mercedes-Benz', 'C-Class', 'C350CDI', 159999, 2010, 110000]
['Mercedes-Benz', 'C-Class', 'C220CDI', 159995, 2010, 0]
['Mercedes-Benz', 'C-Class', 'C320CDI', 159995, 2007, 163000]
['Mercedes-Benz', 'C-Class', 'C220CDI', 159990, 2008, 181000]
['Mercedes-Benz', 'C-Class', 'C180', 159990, 2008, 148000]
['Mercedes-Benz', 'C-Class', 'C200', 159950, 2009, 115000]
['Mercedes-Benz', 'C-Class', 'C350CDI', 159950, 2009, 168639]
['Mercedes-Benz', 'C-Class', 'C180CGI', 159950, 2011, 185000]
['Mercedes-Benz', 'C-Class', 'C200', 159950, 2008, 114822]
['Mercedes-Benz', 'C-Class', 'C200', 159950, -1, -1]
['Mercedes-Benz', 'C-Class', 'C180', 159950, -1, -1]
['Mercedes-Benz', 'C-Class', 'C280', 159950, 2008, 177218]
['Mercedes-Benz', 'C-Class', 'C220CDI', 159950, 2007, 85000]
['Mercedes-Benz', 'C-Class', 'C200CGI', 159900, -1, -1]
['Mercedes-Benz', 'C-Class', 'C220CDI', 159900, 2010, 134402]
['Mercedes-Benz', 'C-Class', 'C180', 159900, 2007, 163000]
['Mercedes-Benz', 'C-Class', 'C180', 159900, 2011, 140000]
['Mercedes-Benz', 'C-Class', 'C200', 159900, 2010, 163000]
['Mercedes-Benz', 'C-Class', 'C200', 159900, 2010, 182500]
['Mercedes-Benz', 'C-Class', 'C180', 159900, 2011, 185000]
['Mercedes-Benz', 'C-Class', 'C200', 159900, 2011, 167930]
['Mercedes-Benz', 'C-Class', 'C180', 159900, 2008, 119000]
['Mercedes-Benz', 'C-Class', 'C180', 159900, -1, -1]
['Mercedes-Benz', 'C-Class', 'C280', 159900, 2012, 149000]
['Mercedes-Benz', 'C-Class', 'C180CGI', 159900, 2010, 136845]
['Mercedes-Benz', 'C-Class', 'C180CGI', 159900, 2009, 161000]
['Mercedes-Benz', 'C-Class', 'C180', 159800, 2010, 135000]
['Mercedes-Benz', 'C-Class', 'C180CGI', 159800, -1, -1]
['Mercedes-Benz', 'C-Class', 'C280', 159799, 2009, 120000]
['Mercedes-Benz', 'C-Class', 'C180CGI', 159159, 2010, 139500]
['Mercedes-Benz', 'C-Class', 'C180CGI', 159000, 2009, 156324]
['Mercedes-Benz', 'C-Class', 'C180CGI', 159000, -1, -1]
['Mercedes-Benz', 'C-Class', 'C180CGI', 155950, 2011, 140000]
['Mercedes-Benz', 'C-Class', 'C200CGI', 155900, 2012, 151000]
['Mercedes-Benz', 'C-Class', 'C180CGI', 155000, 2010, 154000]
['Mercedes-Benz', 'C-Class', 'C180', 155000, -1, -1]
['Mercedes-Benz', 'C-Class', 'C200CGI', 155000, -1, -1]
['Mercedes-Benz', 'C-Class', 'C180', 154995, 2010, 135000]
['Mercedes-Benz', 'C-Class', 'C', 139900, 2008, 150022]
['Mercedes-Benz', 'C-Class', 'C240', 69900, -1, -1]
['Mercedes-Benz', 'C-Class', 'C270', 69500, 2001, 309000]
['Mercedes-Benz', 'C-Class', 'C200K', 68000, 2003, 189300]
['Mercedes-Benz', 'C-Class', 'C230', 68000, 2002, 194000]
['Mercedes-Benz', 'C-Class', 'C200', 65000, -1, -1]
['Mercedes-Benz', 'C-Class', 'C230', 64995, 1998, 201848]
['Mercedes-Benz', 'C-Class', 'C180', 64950, 2005, 240781]
['Mercedes-Benz', 'C-Class', 'C180', 64890, -1, -1]
['Mercedes-Benz', 'C-Class', 'C220CDI', 64890, -1, -1]
['Mercedes-Benz', 'C-Class', 'C200', 60000, -1, -1]
['Mercedes-Benz', 'C-Class', 'C200K', 59950, -1, -1]
['Mercedes-Benz', 'C-Class', 'C200K', 59950, 2000, 233229]
['Mercedes-Benz', 'C-Class', 'C180K', 59900, 2002, 242000]
['Mercedes-Benz', 'C-Class', 'C230K', 59900, 2004, 330000]
['Mercedes-Benz', 'C-Class', 'C230K', 59900, 2003, 320000]
['Mercedes-Benz', 'C-Class', 'C200K', 59900, 2002, 262955]
['Mercedes-Benz', 'C-Class', 'C180', 59900, 2005, 200000]
['Mercedes-Benz', 'C-Class', 'C200', 59900, -1, -1]
['Mercedes-Benz', 'C-Class', 'C230', 59000, 2003, 226000]
['Mercedes-Benz', 'C-Class', 'C200K', 55990, 2001, 319022]
['Mercedes-Benz', 'C-Class', 'C220', 55000, 1997, 250788]
['Mercedes-Benz', 'C-Class', 'C180', 54900, 1995, 178200]
['Mercedes-Benz', 'C-Class', 'C200K', 52900, 2004, 290000]
['Mercedes-Benz', 'C-Class', 'C220', 49950, 1996, 254813]
['Mercedes-Benz', 'C-Class', 'C200', 49950, 2000, 0]
['Mercedes-Benz', 'C-Class', 'C220', 49900, 1996, 287391]
['Mercedes-Benz', 'C-Class', 'C180', 48000, 2006, 85000]
['Mercedes-Benz', 'C-Class', 'C200', 44995, 1998, 310105]
['Mercedes-Benz', 'C-Class', 'C230', 44995, 1998, 270000]
['Mercedes-Benz', 'C-Class', 'C200K', 44000, 2002, 218000]
['Mercedes-Benz', 'C-Class', 'C230K', 44000, 2003, 200000]
['Mercedes-Benz', 'C-Class', 'C250', 39950, -1, -1]
['Mercedes-Benz', 'C-Class', 'C220', 37900, 1995, 300000]
['Mercedes-Benz', 'C-Class', 'C240', 36000, 2000, 319000]
['Mercedes-Benz', 'C-Class', 'C230', 29990, 1996, 387000]
['Mercedes-Benz', 'C-Class', 'C230', 29950, -1, -1]
['Mercedes-Benz', 'C-Class', 'C200', 28500, 2002, 285000]
['Mercedes-Benz', 'C-Class', 'C180', 24900, 1996, 230000]
['Mercedes-Benz', 'C-Class', 'C250', 275900, 2011, 84000]
['Mercedes-Benz', 'C-Class', 'C220Cdi', 89900, 2004, 185000]
['Mercedes-Benz', 'C-Class', 'C180', 585000, 2018, 4500]
['Mercedes-Benz', 'C-Class', 'C250d', 439900, 2015, 55000]
['Mercedes-Benz', 'C-Class', 'C220d', 620000, 2016, 55000]
['Mercedes-Benz', 'E-Class', 'E200CGI', 239899, 2012, 79561]
['Mercedes-Benz', 'E-Class', 'E63', 1595500, 2014, 15000]
['Mercedes-Benz', 'E-Class', 'E400', 1499900, 2018, 100]
['Mercedes-Benz', 'E-Class', 'E400', 1319900, 2018, 25]
['Mercedes-Benz', 'E-Class', 'E400', 1249950, 2017, 1828]
['Mercedes-Benz', 'E-Class', 'E400', 1249900, 2018, 100]
['Mercedes-Benz', 'E-Class', 'E400', 1229900, -1, -1]
['Mercedes-Benz', 'E-Class', 'E400', 1199900, 2018, 25]
['Mercedes-Benz', 'E-Class', 'E400', 1099950, 2017, 4200]
['Mercedes-Benz', 'E-Class', 'E220d', 1099900, 2017, 1500]
['Mercedes-Benz', 'E-Class', 'E220d', 1051393, 2018, 5000]
['Mercedes-Benz', 'E-Class', 'E220d', 1049900, 2018, 0]
['Mercedes-Benz', 'E-Class', 'E300', 999900, 2017, 100]
['Mercedes-Benz', 'E-Class', 'E300', 989900, 2017, 10500]
['Mercedes-Benz', 'E-Class', 'E350d', 939000, 2017, 1600]
['Mercedes-Benz', 'E-Class', 'E300', 929900, 2017, 14000]
['Mercedes-Benz', 'E-Class', 'E350d', 909900, 2017, 4500]
['Mercedes-Benz', 'E-Class', 'E220d', 905000, 2016, 20000]
['Mercedes-Benz', 'E-Class', 'E63', 899990, 2016, 76527]
['Mercedes-Benz', 'E-Class', 'E220d', 899990, 2014, 35500]
['Mercedes-Benz', 'E-Class', 'E400', 899900, 2017, 8790]
['Mercedes-Benz', 'E-Class', 'E63', 898999, 2017, 7500]
['Mercedes-Benz', 'E-Class', 'E350d', 879000, 2014, 51500]
['Mercedes-Benz', 'E-Class', 'E350d', 879000, 2016, 18500]
['Mercedes-Benz', 'E-Class', 'E220d', 865300, 2016, 16000]
['Mercedes-Benz', 'E-Class', 'E220d', 865300, -1, -1]
['Mercedes-Benz', 'E-Class', 'E220d', 859900, 2018, 500]
['Mercedes-Benz', 'E-Class', 'E400', 859900, 2018, 500]
['Mercedes-Benz', 'E-Class', 'E220d', 859900, 2017, 19850]
['Mercedes-Benz', 'E-Class', 'E200', 849900, 2017, 1700]
['Mercedes-Benz', 'E-Class', 'E200', 849900, -1, -1]
['Mercedes-Benz', 'E-Class', 'E220d', 839900, 2017, 3000]
['Mercedes-Benz', 'E-Class', 'E200', 839900, 2018, 5000]
['Mercedes-Benz', 'E-Class', 'E220d', 839900, 2017, 1100]
['Mercedes-Benz', 'E-Class', 'E200', 831185, -1, -1]
['Mercedes-Benz', 'E-Class', 'E220d', 829900, 2017, 6463]
['Mercedes-Benz', 'E-Class', 'E220d', 829000, -1, -1]
['Mercedes-Benz', 'E-Class', 'E200', 800000, 2018, 25]
['Mercedes-Benz', 'E-Class', 'E200', 799995, 2017, 6346]
['Mercedes-Benz', 'E-Class', 'E220d', 799995, 2018, 25]
['Mercedes-Benz', 'E-Class', 'E200', 799995, 2017, 6679]
['Mercedes-Benz', 'E-Class', 'E250', 799950, 2017, 8000]
['Mercedes-Benz', 'E-Class', 'E200', 799000, 2017, 1500]
['Mercedes-Benz', 'E-Class', 'E200', 789900, 2016, 11064]
['Mercedes-Benz', 'E-Class', 'E220d', 789000, 2017, 7489]
['Mercedes-Benz', 'E-Class', 'E350d', 769950, 2016, 5000]
['Mercedes-Benz', 'E-Class', 'E220d', 769900, 2017, 4000]
['Mercedes-Benz', 'E-Class', 'E200', 769900, 2017, 8000]
['Mercedes-Benz', 'E-Class', 'E200', 769000, 2018, 1500]
['Mercedes-Benz', 'E-Class', 'E200', 769000, 2017, 16000]
['Mercedes-Benz', 'E-Class', 'E220d', 750000, -1, -1]
['Mercedes-Benz', 'E-Class', 'E220d', 749950, 2016, 8950]
['Mercedes-Benz', 'E-Class', 'E200', 749950, 2017, 14000]
['Mercedes-Benz', 'E-Class', 'E220d', 749950, 2017, 77]
['Mercedes-Benz', 'E-Class', 'E200', 749900, 2017, 10000]
['Mercedes-Benz', 'E-Class', 'E220d', 740000, -1, -1]
['Mercedes-Benz', 'E-Class', 'E220d', 739900, 2017, 6000]
['Mercedes-Benz', 'E-Class', 'E220d', 739900, 2017, 14000]
['Mercedes-Benz', 'E-Class', 'E220d', 739900, 2017, 2070]
['Mercedes-Benz', 'E-Class', 'E250', 729950, 2017, 1500]
['Mercedes-Benz', 'E-Class', 'E200', 729950, 2017, 1000]
['Mercedes-Benz', 'E-Class', 'E200', 349000, 2013, 83500]
['Mercedes-Benz', 'E-Class', 'E250CDI', 380000, 2013, 50000]
['Mercedes-Benz', 'E-Class', 'E250CDI', 379900, 2013, 81000]
['Mercedes-Benz', 'E-Class', 'E250CGI', 379500, 2013, 62998]
['Mercedes-Benz', 'E-Class', 'E350', 379000, -1, -1]
['Mercedes-Benz', 'E-Class', 'E200', 379000, 2011, 57000]
['Mercedes-Benz', 'E-Class', 'E250', 369990, 2015, 51000]
['Mercedes-Benz', 'E-Class', 'E250CDI', 369950, 2013, 61000]
['Mercedes-Benz', 'E-Class', 'E250CDI', 369900, 2014, 99500]
['Mercedes-Benz', 'E-Class', 'E200', 359990, 2014, 90500]
['Mercedes-Benz', 'E-Class', 'E200', 359900, 2014, 60000]
['Mercedes-Benz', 'E-Class', 'E250CDI', 359900, 2014, 76602]
['Mercedes-Benz', 'E-Class', 'E350', 359900, 2015, 129000]
['Mercedes-Benz', 'E-Class', 'Auto', 350000, 2011, 81680]
['Mercedes-Benz', 'E-Class', 'E350', 349999, 2013, 62000]
['Mercedes-Benz', 'E-Class', 'E350', 349990, 2012, 109000]
['Mercedes-Benz', 'E-Class', 'E200', 349990, 2011, 107000]
['Mercedes-Benz', 'E-Class', 'E250CDI', 349990, 2014, 83000]
['Mercedes-Benz', 'E-Class', 'E350', 349990, 2015, 103000]
['Mercedes-Benz', 'E-Class', 'E500', 349990, 2011, 107000]
['Mercedes-Benz', 'E-Class', 'E250', 349950, 2010, 84926]
['Mercedes-Benz', 'E-Class', 'E500', 349950, -1, -1]
['Mercedes-Benz', 'E-Class', 'E500', 349900, 2014, 68000]
['Mercedes-Benz', 'E-Class', 'E250CGI', 349900, 2010, 39980]
['Mercedes-Benz', 'E-Class', 'E250CGI', 349900, 2010, 59437]
['Mercedes-Benz', 'E-Class', 'E500', 349900, 2012, 34000]
['Mercedes-Benz', 'E-Class', 'E350CDI', 349000, 2013, 68722]
['Mercedes-Benz', 'E-Class', 'E200', 349000, 2010, 87000]
['Mercedes-Benz', 'E-Class', 'E500', 349000, 2013, 67000]
['Mercedes-Benz', 'E-Class', 'E350', 339990, 2013, 83500]
['Mercedes-Benz', 'E-Class', 'E350', 339900, 2010, 145000]
['Mercedes-Benz', 'E-Class', 'E250CDI', 339900, 2012, 62000]
['Mercedes-Benz', 'E-Class', 'E350', 330000, 2011, 91000]
['Mercedes-Benz', 'E-Class', 'E200', 330000, 2013, 55000]
['Mercedes-Benz', 'E-Class', 'E350', 330000, 2011, 85000]
['Mercedes-Benz', 'E-Class', 'E350', 329995, 2014, 87000]
['Mercedes-Benz', 'E-Class', 'E350', 329990, 2012, 76000]
['Mercedes-Benz', 'E-Class', 'E250', 329950, 2010, 53276]
['Mercedes-Benz', 'E-Class', 'E250CDI', 329950, 2011, 94000]
['Mercedes-Benz', 'E-Class', 'E350CDI', 329900, 2013, 70000]
['Mercedes-Benz', 'E-Class', 'E250', 329900, 2012, 47966]
['Mercedes-Benz', 'E-Class', 'E500', 329900, 2013, 126000]
['Mercedes-Benz', 'E-Class', 'E350', 329900, -1, -1]
['Mercedes-Benz', 'E-Class', 'E250CDI', 329900, 2014, 0]
['Mercedes-Benz', 'E-Class', 'E250CGI', 329000, 2010, 106000]
['Mercedes-Benz', 'E-Class', 'E250', 327000, -1, -1]
['Mercedes-Benz', 'E-Class', 'E350', 325000, 2012, 62564]
['Mercedes-Benz', 'E-Class', 'E250', 325000, 2011, 65798]
['Mercedes-Benz', 'E-Class', 'E250CDI', 319990, 2012, 78000]
['Mercedes-Benz', 'E-Class', 'E250', 319900, 2013, 97000]
['Mercedes-Benz', 'E-Class', 'E250CGI', 319900, 2013, 93000]
['Mercedes-Benz', 'E-Class', 'E350', 315995, -1, -1]
['Mercedes-Benz', 'E-Class', 'E200CGI', 309950, 2013, 90000]
['Mercedes-Benz', 'E-Class', 'E350', 309950, 2013, 108000]
['Mercedes-Benz', 'E-Class', 'E200', 309950, -1, -1]
['Mercedes-Benz', 'E-Class', 'E500', 309900, 2013, 91000]
['Mercedes-Benz', 'E-Class', 'E350', 309900, 2011, 120597]
['Mercedes-Benz', 'E-Class', 'E250CGI', 309900, 2013, 67000]
['Mercedes-Benz', 'E-Class', 'E500', 299995, 2012, 83000]
['Mercedes-Benz', 'E-Class', 'E200CGI', 299995, 2014, 138000]
['Mercedes-Benz', 'E-Class', 'E350', 299950, 2009, 137946]
['Mercedes-Benz', 'E-Class', '220', 125000, 1973, 144000]
['Mercedes-Benz', 'E-Class', 'E200', 289995, 2014, 138200]
['Mercedes-Benz', 'E-Class', 'E250CDI', 489950, 2015, 38000]
['Mercedes-Benz', 'E-Class', 'E250', 319900, 2014, 103000]
['Mercedes-Benz', 'E-Class', 'E250', 419950, 2014, 49980]
['Mercedes-Benz', 'E-Class', 'E63', 449995, 2009, 58686]
['Mercedes-Benz', 'E-Class', 'E400', 529900, 2014, 39028]
['Mercedes-Benz', 'E-Class', 'E350CDI', 629900, 2016, 32159]
['Mercedes-Benz', 'E-Class', 'E200', 110000, 2006, 95000]
['Mercedes-Benz', 'E-Class', '220', 125000, 1973, 144000]
['Mercedes-Benz', 'E-Class', 'E400', 529900, 2014, 39028]
['Mercedes-Benz', 'E-Class', 'E270', 49950, 2003, 440161]
